"population","trait","SNP1","SNP2","SNP3","SNP4","SNP5","SNP6","SNP7","SNP8","SNP9","SNP10","SNP11","SNP12","SNP13","SNP14","SNP15"
1,-0.111287747507861,0,0,0,2,0,0,0,0,0,1,0,1,0,0,0
1,1.46785132108254,0,0,0,0,0,0,0,0,0,0,0,0,0,0,0
1,1.42989015428959,0,0,0,0,0,0,1,0,1,0,0,0,0,0,0
1,-1.71523307085184,0,0,0,1,0,0,0,1,0,0,0,0,0,0,1
1,-0.356048741593616,0,0,0,0,0,1,1,1,0,0,0,0,1,0,0
1,0.515929175005293,0,0,0,0,0,0,1,0,0,0,1,0,0,1,0
1,1.74179819294395,0,0,0,2,1,0,0,0,0,0,0,0,0,0,0
1,-0.718538853478521,0,0,0,0,1,0,0,1,1,0,0,0,0,1,0
1,1.68024530265087,0,0,2,1,1,1,0,0,0,0,0,0,0,0,0
1,2.4437997131793,0,0,2,0,0,0,0,0,0,0,0,0,1,0,0
1,-0.0542731844780064,0,0,1,1,0,1,0,0,0,0,1,0,1,0,0
1,0.819574578435228,0,0,1,0,0,1,1,0,1,0,0,0,0,0,0
1,0.173110290010537,0,0,0,1,1,0,1,0,0,0,1,0,1,0,0
1,1.28492152309119,0,0,2,0,0,0,1,0,1,0,0,0,0,0,0
1,2.38802548993253,0,0,2,0,2,0,1,0,0,0,0,0,0,0,0
1,1.90305265195455,0,0,1,1,2,0,0,0,0,1,0,0,0,0,0
1,-0.203559842699031,0,0,1,1,2,0,0,0,1,0,0,1,0,0,0
1,1.52686411782811,0,0,0,1,0,0,1,0,0,1,0,0,0,1,0
1,0.52839987994267,0,0,1,0,1,0,0,0,0,0,0,0,0,0,0
1,-1.25504120945975,0,0,0,1,1,0,1,0,0,0,0,0,0,0,1
1,1.1694175310855,0,0,0,1,1,0,0,0,0,0,0,0,1,0,0
1,1.10795190542306,0,0,0,0,2,0,0,0,0,0,0,1,0,0,0
1,-0.250350155627712,0,0,0,2,1,1,1,0,0,0,0,0,0,0,0
1,0.831960709723533,0,0,1,0,2,0,0,0,1,0,0,0,0,0,0
1,0.657898538553515,0,0,0,0,0,1,0,0,1,0,0,0,0,0,1
1,0.867350842552698,0,0,1,1,0,0,0,0,0,1,0,1,0,0,1
1,-0.0260093553585168,0,0,0,0,0,0,0,0,0,0,0,0,0,0,0
1,-1.2353009734697,0,0,0,2,1,0,0,0,0,1,0,0,1,0,0
1,-0.326078244752987,0,0,1,1,1,0,1,0,0,0,0,0,1,0,0
1,1.20447257114952,0,0,0,1,2,0,0,0,0,0,0,0,0,0,0
1,0.626837890867161,0,0,0,0,1,1,0,0,0,0,0,0,0,0,1
1,0.498097317038961,0,0,0,1,1,0,1,0,0,0,0,0,0,1,1
1,0.815754491741861,0,0,0,0,1,0,1,0,0,1,0,0,1,0,1
1,0.914334489894184,0,0,0,1,0,0,0,0,0,0,0,0,0,2,0
1,0.971162265651232,0,0,0,1,0,0,0,0,0,1,0,1,0,0,0
1,0.33726631103882,0,0,0,0,0,0,0,0,0,0,1,0,0,0,0
1,-0.741692383822276,0,0,1,1,1,0,1,1,0,0,1,0,1,1,0
1,1.7687537817341,0,0,1,0,0,1,0,0,0,0,0,1,0,0,0
1,-0.676844372496856,0,0,0,1,0,0,0,1,0,0,0,0,0,0,0
1,0.732546661155488,0,0,1,2,0,0,0,0,1,1,0,0,0,0,1
1,0.0819362662251423,0,0,0,1,0,1,0,0,0,0,2,1,0,0,0
1,-0.595155907054542,0,0,1,0,0,0,2,0,0,0,0,1,0,0,0
1,0.552042095469543,0,0,0,2,1,0,0,0,0,0,1,0,0,0,0
1,0.199733872886141,0,0,0,2,1,0,0,0,0,0,0,0,0,0,0
1,0.463869943482161,0,0,0,0,1,0,0,1,0,0,0,1,0,0,0
1,2.47120117494252,0,0,1,0,1,1,0,0,0,0,0,0,0,1,0
1,1.31778478187151,0,0,1,0,1,0,0,0,0,0,0,0,1,1,0
1,0.602695047788657,0,0,1,0,2,1,0,1,0,1,0,0,0,0,0
1,-0.135640226385339,0,0,0,0,0,0,0,0,0,0,0,0,0,0,0
1,0.331713884331617,0,0,0,1,0,1,0,0,0,0,0,0,1,1,0
1,-0.300655054310525,0,0,0,0,0,0,0,0,0,0,0,0,0,0,0
1,0.0959782147044074,0,0,0,1,1,1,0,0,0,1,0,1,0,1,0
1,-0.330801559393942,0,0,0,0,0,0,0,0,0,0,0,1,0,1,0
1,0.79546048522552,0,0,0,0,0,1,0,0,0,0,0,0,0,0,1
1,1.672428340574,0,0,1,0,1,1,0,0,0,0,0,0,0,0,0
1,3.03687270250362,0,0,1,1,0,0,0,0,0,0,0,0,0,0,0
1,0.0289743058791626,0,0,0,0,0,0,0,0,0,0,0,0,1,0,0
1,0.793809391511081,0,0,0,0,1,0,0,0,0,0,0,0,0,0,0
1,0.639070181422003,0,0,1,2,1,0,0,0,0,0,0,0,0,0,0
1,2.28550183429588,0,0,1,0,0,0,1,0,0,1,0,1,0,1,1
1,0.00336351705199867,0,0,1,0,1,1,0,0,0,0,0,1,0,0,0
1,1.05555113763927,0,0,0,0,0,1,0,0,0,0,0,0,1,0,0
1,2.24704931153628,0,0,2,0,1,0,0,0,1,0,0,0,0,1,0
1,1.79432061432066,0,0,1,0,1,0,0,1,1,2,0,0,0,0,0
1,0.793880306082601,0,0,1,0,1,0,0,0,0,1,0,0,0,0,0
1,2.28108215258407,0,0,2,0,0,0,1,0,0,0,0,0,0,0,1
1,-2.19374156761366,0,0,0,0,1,0,0,1,0,0,1,1,1,0,0
1,-0.58998530180808,0,0,0,1,0,0,0,0,0,0,0,0,0,0,0
1,0.159853868178956,0,0,0,1,2,1,0,1,0,0,1,0,1,0,1
1,1.18595760440997,0,0,1,0,0,0,0,0,0,0,0,0,0,0,0
1,0.0825276124460685,0,0,1,1,0,0,0,0,0,0,0,0,0,0,0
1,-1.22419780181674,0,0,1,0,0,0,0,0,0,0,0,1,0,1,1
1,2.39891212093291,0,0,1,2,0,0,0,1,1,0,0,0,1,0,0
1,2.54465760528596,0,0,1,1,1,0,0,0,1,1,1,0,0,0,0
1,0.769660551124078,0,0,0,0,0,0,0,1,0,0,0,0,0,0,0
1,0.534288789253021,0,0,2,1,1,0,2,1,0,1,1,0,0,1,0
1,0.410092603013859,0,0,1,1,0,0,0,1,0,0,0,0,2,0,0
1,1.2435960154414,0,0,1,0,1,0,0,0,0,0,0,0,0,1,1
1,2.09309460558006,0,0,1,2,1,0,0,0,1,0,0,0,0,1,1
1,-1.25283185033123,0,0,0,0,0,0,0,1,0,1,0,0,0,0,0
1,3.26358726965126,0,0,1,1,2,0,0,0,0,1,1,0,0,0,0
1,-0.433827331229354,0,0,1,0,1,1,0,0,0,0,0,0,1,0,0
1,1.09493946592567,0,0,1,1,0,0,1,0,0,0,0,0,0,0,0
1,0.334221414330317,0,0,1,1,1,1,0,0,0,0,0,0,0,0,0
1,-0.241203936028906,0,0,0,1,1,0,0,0,0,0,0,0,0,1,2
1,1.07381061599148,0,0,0,0,0,0,0,0,0,0,0,1,1,0,0
1,1.32654816165531,0,0,1,1,2,0,0,0,0,0,1,0,0,0,2
1,0.336875994353284,0,0,0,1,1,0,0,0,0,1,1,0,0,1,1
1,-0.109705116511234,0,0,0,0,1,1,1,0,0,0,0,0,0,0,1
1,-0.842654298380798,0,0,0,0,0,0,0,0,0,0,0,0,0,1,0
1,-0.111749191198435,0,0,0,1,2,1,0,0,0,0,0,0,0,0,1
1,-0.510434461895321,0,0,0,0,0,0,0,0,0,0,0,1,0,0,0
1,-0.979324995057915,0,0,1,1,1,0,1,0,0,0,0,0,0,0,0
1,-0.399245721939329,0,0,0,0,1,1,1,1,0,0,0,1,1,0,1
1,3.21065468542668,0,0,2,0,1,0,0,0,0,0,0,0,0,1,0
1,-0.355772575396929,0,0,0,2,0,0,0,0,1,1,0,0,0,0,0
1,1.75136471953079,0,0,1,1,1,0,0,0,0,0,0,0,0,0,0
1,0.186507606546327,0,0,0,1,0,0,0,1,0,0,0,0,0,1,0
1,0.793714717141129,0,0,0,2,1,0,0,0,1,0,0,1,0,0,1
1,0.594983002816812,0,0,0,1,0,0,0,0,0,0,0,0,0,0,0
1,-0.614417517086508,0,0,1,1,2,0,0,0,0,0,0,0,0,0,1
1,-2.21526856161857,0,0,0,0,1,0,1,0,0,0,0,1,0,0,0
1,1.6252776816511,0,0,0,0,0,2,0,0,0,0,0,1,1,0,0
1,0.301683946736564,0,0,1,0,0,0,1,0,0,0,1,0,0,0,0
1,4.10158521226685,0,0,2,1,1,0,1,0,0,1,0,0,0,0,0
1,3.50054662184587,0,0,2,1,2,0,1,0,0,0,0,0,0,0,0
1,1.82140723936246,0,0,1,1,0,0,1,1,0,0,0,0,0,0,1
1,0.548105161492882,0,0,1,0,1,0,1,0,0,1,0,0,0,0,0
1,1.84609194375022,0,0,1,1,0,2,1,1,0,0,0,0,0,1,0
1,1.19700383778701,0,0,1,1,1,1,0,0,0,1,0,0,0,0,0
1,2.10582031991439,0,0,1,1,1,1,0,0,1,0,0,1,0,0,1
1,0.0461376066251116,0,0,1,0,1,1,0,0,0,0,2,0,1,1,0
1,0.472185938171944,0,0,0,1,1,2,0,0,0,0,0,0,0,1,1
1,1.90354484887674,0,0,1,1,0,0,0,0,0,0,0,1,0,0,0
1,0.558885654940955,0,0,1,0,0,0,1,0,0,1,0,0,0,0,0
1,1.66090696920344,0,0,1,0,0,0,0,0,0,0,0,0,0,1,0
1,0.357310920099438,0,0,0,1,0,0,2,0,0,0,0,1,0,1,0
1,-1.91460842902294,0,0,1,2,0,0,0,0,0,0,0,0,1,0,0
1,-1.66974859580597,0,0,0,2,0,0,0,0,0,0,0,0,1,0,0
1,-0.940212043267465,0,0,0,1,1,0,0,1,0,0,0,0,0,0,1
1,0.236117223321445,0,0,1,0,1,0,0,1,0,0,1,0,0,0,0
1,1.18999748654881,0,0,1,0,0,0,1,0,0,0,1,0,1,0,0
1,3.46514951119381,0,0,1,0,2,0,0,0,0,0,0,0,1,0,0
1,-0.676857638948405,0,0,0,0,0,0,0,0,0,0,0,0,0,0,0
1,1.44103056472118,0,0,1,0,1,0,0,1,0,0,1,0,0,1,0
1,1.60813186961687,0,0,1,0,0,0,0,0,1,0,1,0,0,0,0
1,1.21331516885134,0,0,0,0,0,1,0,0,1,0,0,0,0,0,0
1,2.78408861536056,0,0,2,0,0,0,0,0,1,0,0,0,1,0,0
1,-0.432841250607018,0,0,1,2,1,0,0,1,0,0,0,0,0,0,0
1,1.75630352859086,0,0,1,2,0,1,0,1,0,0,0,0,0,0,0
1,0.0195347209051384,0,0,1,0,0,0,0,0,1,0,0,0,0,1,0
1,-1.34785976761081,0,0,0,1,0,0,0,1,0,0,0,1,0,0,0
1,1.94523910363094,0,0,1,2,1,0,0,0,1,0,0,0,1,0,0
1,3.20064924586801,0,0,0,0,0,1,1,1,0,0,0,1,0,0,0
1,0.418413912721355,0,0,1,0,0,0,0,0,0,0,0,0,0,0,0
1,-0.675500830514938,0,0,0,1,0,1,0,0,0,0,0,0,1,0,0
1,-1.04464108405506,0,0,0,1,0,0,0,1,1,0,0,0,0,0,0
1,2.8373831808029,0,0,2,0,1,2,0,0,0,1,0,0,0,1,0
1,-0.479872917855947,0,0,0,0,0,0,1,0,1,1,0,0,0,0,0
1,-0.186339051966411,0,0,0,1,0,0,0,1,0,0,0,0,0,0,0
1,-0.0603497905991052,0,0,0,0,1,0,0,0,0,0,0,1,0,0,0
1,-0.458623715446641,0,0,0,1,0,0,1,0,0,0,0,1,0,0,0
1,2.94052636988384,0,0,2,0,1,1,0,0,0,0,1,0,0,0,0
1,-2.37349058855479,0,0,0,0,1,0,0,0,1,0,0,0,0,0,0
1,0.64172413520981,0,0,1,0,1,0,0,0,1,0,0,0,0,0,0
1,0.0430071620896031,0,0,1,1,0,0,0,0,1,0,0,0,0,0,0
1,2.46971197402026,0,0,1,1,0,0,0,1,0,0,0,0,0,1,0
1,1.20697911121997,0,0,0,0,1,0,0,0,0,1,0,0,0,0,0
1,1.23093861111478,0,0,1,1,0,0,0,0,0,0,0,0,0,1,1
1,-1.54391514624558,0,0,0,0,0,1,0,0,0,0,0,0,0,0,0
1,-0.28970641062305,0,0,0,0,1,0,1,0,0,0,1,0,1,0,0
1,0.0612306717787754,0,0,1,0,1,0,1,0,1,0,0,0,1,0,0
1,2.81079696924928,0,0,2,1,0,0,0,1,0,1,0,1,2,0,1
1,2.58189501526938,0,0,2,0,1,0,0,0,0,0,1,0,0,1,0
1,1.14449865934708,0,0,1,2,0,0,0,1,0,0,0,0,0,1,0
1,-1.09607034388662,0,0,0,1,0,0,1,0,0,0,1,0,0,0,0
1,0.542884884164168,0,0,1,0,0,1,0,0,0,0,0,0,0,0,0
1,-0.137955169900627,0,0,1,1,0,0,0,0,1,1,1,0,0,0,0
1,-0.0443438072148048,0,0,1,0,0,0,0,0,0,0,0,1,0,0,1
1,1.12057579419634,0,0,0,0,1,0,0,0,0,0,0,0,0,0,1
1,-1.52806809527459,0,0,0,0,1,0,0,0,0,0,0,0,0,0,0
1,-0.156983765111683,0,0,1,0,0,0,0,0,0,0,0,0,0,0,0
1,-0.348157696888631,0,0,0,0,0,1,0,1,0,0,0,0,0,0,1
1,2.18311473489279,0,0,1,0,1,0,0,0,1,0,0,0,1,0,0
1,1.19330901252849,0,0,1,1,1,0,0,1,0,1,0,1,0,0,1
1,-0.901261210665792,0,0,0,1,1,0,0,0,1,1,0,0,0,0,0
1,0.132855498566654,0,0,0,2,1,0,0,1,0,0,0,0,1,0,0
1,0.862726533823476,0,0,1,1,2,0,0,0,0,0,1,0,0,0,0
1,-1.86343992641918,0,0,0,0,1,2,0,0,1,0,0,0,0,0,0
1,0.245641232101632,0,0,0,2,1,0,0,0,0,0,1,0,0,0,0
1,-0.391147478620963,0,0,0,0,1,0,0,0,0,0,0,0,0,0,1
1,0.466295056352119,0,0,1,0,1,0,0,1,1,0,0,1,0,0,1
1,-0.174820155588775,0,0,0,1,0,0,2,0,1,1,0,0,0,1,0
1,-1.3692462786005,0,0,0,0,1,0,1,0,0,1,0,1,0,0,1
1,-0.0811262713465484,0,0,0,0,1,0,0,0,0,0,0,0,0,1,0
1,0.160533546660128,0,0,0,0,0,0,0,0,0,0,0,0,0,1,0
1,1.18527718143984,0,0,1,0,0,0,2,0,1,1,0,0,1,0,0
1,1.30101141517603,0,0,1,0,0,1,0,1,0,0,0,0,0,0,0
1,0.568894132012336,0,0,0,1,1,0,1,0,1,1,0,0,0,1,0
1,1.20922774971855,0,0,0,1,0,1,0,0,0,0,0,0,0,1,0
1,1.21675788163698,0,0,1,1,1,2,1,0,0,0,0,0,0,0,1
1,0.180041211944101,0,0,0,0,0,0,1,1,0,0,0,0,0,0,0
1,-1.07508644975383,0,0,0,0,2,2,0,0,1,0,1,0,0,0,1
1,0.470046609008804,0,0,0,0,0,0,1,1,0,0,1,0,0,1,0
1,0.41379320614675,0,0,1,0,1,0,1,0,0,0,0,1,0,0,1
1,0.323786755464583,0,0,0,0,1,0,0,0,0,0,0,0,0,1,0
1,2.16856750152498,0,0,1,0,0,0,1,0,1,1,0,0,0,0,0
1,2.33019046262765,0,0,1,0,0,1,0,0,0,0,0,0,0,0,1
1,0.246427684153225,0,0,0,1,0,0,0,0,0,0,0,0,0,0,1
1,2.0383078489365,0,0,1,1,1,0,0,0,0,0,1,0,0,1,0
1,-0.566421028071403,0,0,2,1,1,0,0,0,1,1,0,0,0,0,0
1,0.670287077796794,0,0,1,1,0,0,0,1,0,0,0,0,0,1,0
1,1.20813425312572,0,0,1,0,1,0,0,1,0,0,0,0,1,0,0
1,0.491474692031045,0,0,0,1,0,2,0,1,0,0,0,1,0,1,0
1,1.13563896720109,0,0,1,1,1,0,1,0,0,0,0,0,0,1,1
1,0.982490664135252,0,0,1,0,1,0,0,1,0,0,0,1,0,0,0
1,-0.0102778743383633,0,0,0,0,0,0,1,0,0,0,0,0,0,0,0
1,1.47880183546332,0,0,1,0,1,1,0,1,0,0,0,1,0,0,0
1,-0.118773712554062,0,0,0,1,0,0,0,1,0,1,1,1,0,1,0
1,-0.030262673111412,0,0,1,1,1,0,0,0,1,1,0,0,0,0,1
1,-0.0400559165898387,0,0,0,0,0,0,1,0,0,0,0,0,0,0,0
1,1.07501996454546,0,0,0,0,0,0,0,0,0,0,0,0,0,0,0
1,0.606878403623448,0,0,0,1,0,0,0,0,0,0,0,0,1,0,0
1,0.0576190694841248,0,0,0,1,1,0,0,0,1,0,1,0,1,0,0
1,-1.94262762129702,0,0,0,0,1,0,0,0,0,0,0,0,0,0,0
1,0.777711760486141,0,0,1,1,0,1,0,0,0,0,0,0,1,0,0
1,-0.793105977152281,0,0,0,2,0,1,0,0,0,0,0,0,0,1,0
1,0.436392792909581,0,0,1,0,0,0,1,0,0,1,1,0,0,1,0
1,-1.0584623266272,0,0,0,0,0,0,0,0,0,0,0,1,0,0,0
1,-0.0462833996382968,0,0,0,0,0,0,0,0,0,1,0,0,0,0,0
1,0.362758256967287,0,0,0,0,0,1,0,1,1,0,0,0,0,0,0
1,-0.463138451493646,0,0,0,1,1,0,0,0,0,0,0,0,0,1,0
1,-1.07043776912596,0,0,0,2,1,0,1,0,0,0,0,0,0,0,0
1,1.68446162535727,0,0,2,0,2,0,0,0,0,0,1,0,0,0,0
1,-1.41525793364468,0,0,0,0,1,0,0,0,0,0,0,0,0,1,1
1,0.142783687141503,0,0,0,0,0,0,1,0,0,1,0,0,0,0,0
1,1.63800333965882,0,0,1,0,0,0,0,0,0,0,1,0,1,0,1
1,2.31123978559079,0,0,1,1,2,0,1,1,0,0,0,0,0,0,1
1,-0.640290104304963,0,0,1,2,0,1,0,0,0,0,0,0,0,1,0
1,2.31487078316219,0,0,1,0,1,0,0,0,0,0,0,0,0,0,0
1,-1.46191125120477,0,0,0,0,1,0,0,0,0,0,0,0,0,0,0
1,0.767718951086769,0,0,0,0,0,0,0,0,0,0,1,0,0,0,0
1,0.468256555109956,0,0,0,1,0,0,0,0,0,1,0,0,0,0,0
1,-0.160354310693928,0,0,1,1,0,0,0,0,0,1,0,0,0,0,0
1,0.638659676900156,0,0,0,1,0,0,0,0,0,1,1,0,1,1,1
1,1.06763419302564,0,0,1,2,2,0,0,0,0,0,0,0,1,1,0
1,0.931393013180764,0,0,0,0,1,0,0,0,0,0,0,0,1,1,0
1,-0.9338425665378,0,0,1,1,1,0,1,0,0,0,0,2,0,0,0
1,0.93432799183009,0,0,1,1,0,0,1,0,1,0,0,0,0,1,1
1,0.956241814598904,0,0,1,1,1,1,0,0,0,1,1,1,0,1,0
1,2.33121725050323,0,0,1,1,1,0,0,0,0,0,0,0,2,0,0
1,-0.606786639135613,0,0,1,0,1,0,1,0,1,0,1,0,0,0,0
1,1.33075140416006,0,0,1,1,1,0,0,0,0,0,0,0,0,0,0
1,0.480618735551522,0,0,1,0,1,1,0,1,0,1,0,0,0,0,0
1,0.0426154974681976,0,0,0,2,1,0,0,1,0,0,0,1,0,0,0
1,1.64747327723267,0,0,2,1,0,0,0,0,0,0,0,0,0,0,0
1,1.38935524315694,0,0,1,0,0,0,0,0,0,0,1,0,0,0,1
1,0.0685399188112249,0,0,1,0,1,0,0,1,0,0,0,0,0,0,1
1,3.45478810542211,0,0,2,0,1,0,1,0,0,0,1,0,0,0,1
1,0.726516936944261,0,0,1,0,2,0,1,0,0,0,1,0,0,0,0
1,1.24816582994328,0,0,1,1,0,0,0,1,1,0,0,0,0,0,0
1,0.406431181894677,0,0,0,1,1,0,0,0,0,0,0,0,0,0,0
1,-0.809643099046666,0,0,0,1,0,0,0,0,1,0,0,0,1,1,0
1,1.87619801917176,0,0,0,0,2,0,1,0,0,0,0,0,0,0,0
1,0.261785021202652,0,0,0,0,0,0,0,0,0,1,0,1,0,1,0
1,2.38204741008934,0,0,1,0,1,0,0,0,0,1,1,0,0,0,0
1,-0.17845553836835,0,0,1,1,0,0,0,0,0,0,0,0,0,1,0
1,1.47832040148434,0,0,1,1,0,0,0,0,0,0,0,0,0,0,0
1,0.610388491882706,0,0,1,0,1,0,0,0,1,0,0,0,0,0,0
1,2.46331053887093,0,0,2,1,0,0,0,1,0,0,0,0,1,1,0
1,1.00332324549946,0,0,1,1,0,0,0,0,0,0,2,1,0,1,0
1,0.771090086591135,0,0,1,1,1,1,0,0,0,2,0,0,1,0,1
1,-0.916801397915753,0,0,0,2,0,1,0,0,0,1,0,0,0,0,0
1,1.84479884001671,0,0,1,0,1,0,1,2,0,0,1,0,0,0,0
1,-0.315459807420526,0,0,0,2,0,0,0,0,0,0,0,0,0,0,0
1,-1.89420895261374,0,0,0,0,0,1,0,0,0,0,0,0,0,0,0
1,0.914736355207479,0,0,1,0,2,0,2,0,1,0,0,0,0,0,0
1,1.524954676601,0,0,1,0,0,0,0,0,0,0,0,0,0,0,0
1,0.188572788100072,0,0,1,1,0,0,0,0,0,1,0,0,0,0,0
1,0.473823757711075,0,0,0,0,1,0,0,0,0,0,0,0,0,0,0
1,-1.24000025698607,0,0,0,1,1,1,0,0,0,0,0,0,0,0,1
1,-1.21127193735873,0,0,0,1,1,0,0,0,0,1,1,1,0,0,0
1,0.981902773289026,0,0,0,0,0,0,0,0,0,0,0,0,0,0,0
1,2.57012894694002,0,0,0,0,0,0,0,1,0,0,0,0,0,0,0
1,-0.475882129019456,0,0,0,1,1,1,0,0,0,1,0,1,0,0,0
1,-1.96348551746188,0,0,0,1,1,0,0,0,0,0,1,0,0,0,0
1,-1.08957129266518,0,0,0,2,2,0,0,0,0,0,1,0,0,0,0
1,0.817199944836096,0,0,1,0,1,0,0,0,0,0,0,0,0,0,0
1,2.22441715214847,0,0,2,0,0,0,0,0,0,0,0,0,0,0,0
1,-0.333495835704273,0,0,0,0,0,0,0,1,0,0,0,0,0,0,0
1,-0.0738996272802064,0,0,0,0,0,1,0,0,0,0,1,0,0,1,0
1,0.652501182313511,0,0,2,1,1,0,0,0,0,0,1,1,0,0,0
1,0.450733664307176,0,0,1,2,2,0,0,0,0,1,1,0,0,0,0
1,-2.28424398884696,0,0,0,1,0,0,0,0,0,0,0,0,0,0,0
1,-0.00534419366994499,0,0,1,0,0,0,1,0,0,0,0,0,0,0,0
1,0.110134142151445,0,0,1,0,0,0,1,0,0,0,0,1,1,0,0
1,1.7550532214937,0,0,1,1,0,0,0,1,0,0,0,1,0,0,0
1,-0.651868999126019,0,0,0,0,1,1,0,0,1,0,1,0,0,0,0
1,-0.0938632946021251,0,0,0,0,0,0,0,0,0,0,0,0,0,0,0
1,0.154418088308473,0,0,1,0,0,0,0,0,0,0,0,1,0,0,0
1,2.7806547407892,0,0,2,0,0,0,0,1,1,0,1,0,0,0,0
1,0.525466852150126,0,0,1,1,0,0,0,0,0,0,0,0,0,0,1
1,2.06605684248855,0,0,1,0,0,0,0,0,0,0,0,0,0,1,1
1,0.172496114587657,0,0,1,1,0,0,0,0,0,0,0,0,0,0,0
1,1.08435806871428,0,0,0,1,1,0,0,0,0,1,0,1,1,0,0
1,1.42546671116856,0,0,2,0,0,0,0,0,0,0,0,0,0,0,0
1,-0.55905119124776,0,0,0,0,1,0,0,0,0,1,0,0,0,0,1
1,1.42382804786576,0,0,1,0,2,0,0,0,0,0,0,0,0,0,0
1,2.44681526946813,0,0,0,2,0,0,0,1,1,0,0,0,0,0,0
1,1.52811050783806,0,0,2,1,1,1,0,0,0,0,0,0,1,0,0
1,0.307759986235215,0,0,0,1,0,0,0,1,0,0,0,0,0,1,0
1,0.319212904844152,0,0,1,1,0,0,0,0,1,0,0,0,2,0,0
1,-0.349803482700156,0,0,0,1,0,0,0,1,0,0,2,1,0,1,0
1,1.5911600450274,0,0,0,1,0,0,0,0,0,1,0,0,1,0,0
1,0.296823302638623,0,0,1,0,0,1,0,0,1,0,1,0,1,0,0
1,-1.27685867015064,0,0,0,0,1,0,0,0,0,1,0,0,0,1,0
1,-0.0900242881079922,0,0,1,1,1,0,0,0,0,1,1,1,0,0,0
1,-0.616541303009077,0,0,0,1,1,0,1,0,0,1,0,1,0,0,0
1,-0.798518326249324,0,0,0,1,0,1,0,0,0,0,1,0,0,0,1
1,-0.0748014120152236,0,0,0,1,0,0,0,0,0,0,1,0,0,0,0
1,0.367426424190138,0,0,0,0,0,1,0,0,0,0,0,0,0,0,0
1,1.5346627861855,0,0,2,1,0,0,0,0,0,0,0,0,0,0,0
1,0.00592994759042534,0,0,0,0,0,0,0,0,1,0,0,0,0,0,0
1,0.436490516019881,0,0,0,0,1,0,0,0,1,1,0,0,0,1,0
1,-0.697549128616778,0,0,1,1,0,0,0,0,0,0,0,0,0,0,0
1,-0.401283903974798,0,0,0,0,1,1,0,1,0,0,0,1,0,0,0
1,2.19371788305442,0,0,1,1,1,1,0,0,0,0,0,0,0,0,0
1,0.839215597312432,0,0,0,0,0,0,0,0,0,0,0,0,0,0,1
1,-1.61532142614203,0,0,0,0,1,1,0,0,0,0,1,0,1,0,0
1,0.0897134506564673,0,0,0,2,1,0,0,0,0,0,1,0,0,0,0
1,-0.081297968225496,0,0,1,1,0,0,0,0,0,0,0,0,0,0,0
1,0.430224436757641,0,0,1,1,0,0,0,0,1,0,0,0,0,0,1
1,0.21608054787106,0,0,1,1,1,0,0,0,0,0,0,1,0,0,0
1,0.26180557957902,0,0,1,0,1,1,1,0,0,1,0,0,0,0,0
1,-0.21415234165192,0,0,0,0,0,0,0,0,1,0,1,0,0,0,0
1,-0.983742475167436,0,0,0,0,1,1,1,2,0,0,0,0,0,0,0
1,-0.0129544708993795,0,0,0,2,2,0,0,0,0,0,0,0,1,0,0
1,1.31053555291933,0,0,1,0,0,0,1,0,0,0,0,1,0,0,0
1,0.69035381345002,0,0,1,1,0,0,0,0,1,0,0,0,0,0,0
1,1.59218260182461,0,0,1,1,1,0,1,0,1,0,1,0,1,0,0
1,2.12340975367905,0,0,0,1,2,0,0,0,0,0,2,0,0,0,0
1,1.39171798836049,0,0,2,0,1,0,1,0,0,0,2,0,0,0,0
1,1.95593240806663,0,0,1,0,0,0,1,0,0,0,1,0,1,0,0
1,1.36122281343511,0,0,1,1,1,0,0,0,0,1,0,0,0,0,0
1,-0.561919677158238,0,0,1,0,0,0,0,0,0,0,1,0,0,0,0
1,-0.861382636044539,0,0,0,1,1,1,2,0,0,0,0,0,0,0,0
1,0.467308354361845,0,0,1,2,1,2,0,0,0,0,0,0,0,1,0
1,2.43389667768882,0,0,1,2,1,0,0,0,0,0,0,0,0,0,0
1,0.280654787385304,0,0,0,0,1,0,0,0,0,0,0,0,0,0,0
1,-0.240816472631003,0,0,0,0,1,0,0,0,0,0,1,1,0,0,0
1,-1.26273691545878,0,0,1,0,1,0,0,0,0,1,1,0,0,0,0
1,-0.827215892362984,0,0,0,0,0,0,0,0,0,0,1,1,1,0,0
1,1.38665376997632,0,0,1,0,0,0,2,0,1,0,0,0,0,0,0
1,0.00975047936198159,0,0,0,0,1,0,0,1,0,0,1,0,0,1,0
1,1.571785867895,0,0,2,1,1,0,0,0,0,0,0,0,0,0,0
1,1.28296229847395,0,0,1,0,2,0,0,0,0,0,0,0,0,1,0
1,0.690403431316191,0,0,0,0,1,0,0,0,0,0,0,0,0,0,0
1,0.778245027835986,0,0,1,1,0,0,0,1,0,0,0,0,1,0,0
1,-0.198022148729658,0,0,0,0,0,0,1,0,1,0,0,0,0,0,0
1,1.14809876087813,0,0,1,1,0,0,0,0,0,1,0,0,0,1,0
1,-0.380999131357889,0,0,0,0,0,0,1,0,0,0,0,0,0,0,0
1,1.97249577360439,0,0,1,0,1,1,0,0,0,0,0,1,0,0,0
1,-0.0604361602667467,0,0,0,1,1,1,0,0,1,0,1,1,0,0,1
1,-1.06931939124924,0,0,0,0,1,0,0,0,1,0,0,0,0,0,0
1,4.19724203076653,0,0,2,1,0,0,0,0,0,1,0,0,0,0,0
1,1.81967663721493,0,0,1,0,1,0,0,0,0,0,0,0,0,0,0
1,0.134110968644876,0,0,0,1,2,0,0,0,0,1,0,0,0,0,0
1,-2.01341801901543,0,0,0,1,1,1,0,0,0,0,1,0,0,0,0
1,1.31817384995805,0,0,2,0,1,0,0,0,0,0,0,0,0,0,0
1,0.456105019013679,0,0,1,1,0,0,0,0,0,1,0,0,0,0,0
1,-1.28845073616864,0,0,0,0,0,0,0,0,0,0,0,0,1,0,0
1,0.453325939569575,0,0,1,0,0,0,0,0,0,0,0,0,0,1,0
1,0.342419190978864,0,0,1,0,2,0,0,1,0,1,0,0,1,1,0
1,-0.607421785357183,0,0,1,1,0,0,0,0,1,0,0,0,0,1,1
1,0.0508924694693943,0,0,1,0,2,0,1,0,0,0,0,1,0,0,1
1,0.890460051847872,0,0,1,0,2,0,0,0,0,1,0,1,0,0,1
1,0.457414976765045,0,0,1,0,1,0,0,1,0,1,1,0,1,0,0
1,0.0972224047166098,0,0,0,2,1,0,0,0,1,0,0,0,0,0,1
1,0.118954215812185,0,0,0,0,0,1,0,1,0,0,0,1,0,0,0
1,1.83350279816338,0,0,2,2,1,0,0,1,0,0,1,1,0,0,0
1,-1.23588312206908,0,0,0,1,0,0,0,1,0,0,0,0,1,0,1
1,0.45969615201022,0,0,0,0,0,0,1,0,1,0,0,0,0,0,0
1,-0.202890874056369,0,0,1,0,0,0,0,0,0,0,2,0,0,0,0
1,0.381268436480842,0,0,0,1,0,0,0,0,0,0,1,0,0,0,0
1,2.00148186898569,0,0,0,0,1,0,0,0,0,0,0,1,0,0,0
1,0.139187739907771,0,0,2,0,0,2,0,0,0,0,1,0,1,0,0
1,1.21435652171667,0,0,1,0,0,0,0,0,0,0,0,0,0,0,0
1,0.0479143399102068,0,0,1,1,1,0,0,0,0,0,0,0,0,0,0
1,2.43186313921122,0,0,1,0,1,0,0,0,1,1,0,0,1,0,0
1,0.951607362506308,0,0,0,1,0,1,0,1,0,0,0,0,0,0,0
1,-1.27816204324221,0,0,0,0,0,0,0,0,0,0,0,0,0,1,0
1,1.04361302503204,0,0,0,1,0,0,0,0,0,0,0,1,0,0,0
1,1.15399902813243,0,0,1,0,1,1,0,0,0,0,0,0,1,0,0
1,0.0979226513183967,0,0,1,1,2,0,0,0,0,0,0,0,0,0,0
1,2.2424861052371,0,0,1,1,0,0,0,0,0,0,0,0,0,0,0
1,1.78620703759548,0,0,0,1,1,0,0,0,0,0,0,0,0,1,0
1,-0.301444170997339,0,0,0,0,0,0,0,0,0,0,1,0,0,0,1
1,2.81756788113684,0,0,2,1,1,0,0,0,0,0,0,0,1,0,0
1,-2.06674735158957,0,0,0,0,0,0,0,0,0,0,0,1,0,0,0
1,-0.494390483827824,0,0,0,0,1,1,0,0,0,0,0,1,0,0,0
1,-0.23239279658127,0,0,0,0,1,0,0,0,0,1,0,0,0,0,0
1,-0.279144830164501,0,0,0,0,0,0,0,0,0,1,0,0,0,2,0
1,2.05867931952326,0,0,2,1,2,0,0,0,0,0,1,0,0,0,1
1,0.0924879179293756,0,0,0,0,1,0,0,0,0,0,0,0,1,0,0
1,1.21511650435844,0,0,0,0,1,0,0,0,0,1,1,0,0,1,0
1,-0.851572502862045,0,0,0,0,1,0,0,0,0,0,0,1,1,1,0
1,0.984886933962355,0,0,1,0,0,1,1,1,0,1,0,0,0,0,0
1,2.68591343905803,0,0,2,2,0,0,0,0,0,0,0,0,0,2,0
1,2.7108100787408,0,0,1,0,0,0,0,1,0,1,0,0,1,0,0
1,-1.30571579894036,0,0,1,1,1,0,0,0,0,0,0,0,0,0,0
1,0.988138488598863,0,0,2,0,0,0,0,0,0,0,0,0,0,0,1
1,-0.938332646181877,0,0,0,1,0,0,0,0,1,0,0,0,0,0,1
1,2.13780140678211,0,0,1,0,0,0,1,1,1,0,0,0,0,0,0
1,0.79534005384359,0,0,0,2,1,0,0,0,1,1,0,0,0,0,0
1,-1.02995663824236,0,0,0,1,1,0,1,0,0,0,0,0,0,0,0
1,1.18505371241305,0,0,1,0,1,0,0,0,0,0,1,0,0,1,0
1,-0.00204721875796188,0,0,1,0,1,1,0,0,0,0,1,1,0,0,1
1,-0.321940330784394,0,0,0,0,0,0,0,0,0,0,0,0,1,0,0
1,0.177314586531482,0,0,0,1,0,1,0,0,1,0,0,0,0,0,0
1,1.48707560237757,0,0,2,0,1,0,0,0,0,0,0,0,1,1,0
1,-0.321938691995519,0,0,0,1,1,0,1,0,0,0,1,0,0,0,1
1,2.8379573013671,0,0,2,0,2,0,0,1,0,1,1,0,0,0,0
1,-0.0832457438245728,0,0,1,0,1,0,0,0,1,1,0,0,0,0,0
1,-0.622860243138476,0,0,0,1,2,0,0,1,1,1,0,0,0,0,0
1,0.124749125069841,0,0,1,1,1,0,0,0,0,0,0,0,0,0,1
1,0.50288630959792,0,0,0,0,0,0,0,0,1,0,1,0,0,1,0
1,-0.732792091982403,0,0,0,1,0,0,0,0,1,1,0,0,0,0,0
1,0.86929005649399,0,0,0,1,1,1,1,0,0,0,0,0,0,0,0
1,1.58281606063878,0,0,2,2,0,0,0,0,0,0,0,0,0,0,0
1,-0.387913986181934,0,0,0,0,1,0,0,0,0,0,0,0,0,0,1
1,2.6696547844341,0,0,1,1,0,0,1,1,0,0,0,0,0,0,1
1,-0.797256688802251,0,0,0,1,1,0,0,0,1,0,0,0,0,1,0
1,1.47639219069056,0,0,1,1,2,1,0,0,0,1,0,1,0,1,0
1,0.456283850007953,0,0,1,0,1,0,0,0,1,0,0,0,1,0,0
1,2.56870603604848,0,0,1,0,0,0,0,0,0,0,0,0,0,0,0
1,1.65537422497919,0,0,1,1,1,0,0,0,0,0,0,0,0,1,0
1,0.973074703089652,0,0,0,0,2,0,0,1,0,1,0,0,1,0,2
1,0.152131624003199,0,0,0,1,1,0,0,0,0,0,0,0,1,0,0
1,0.752915623252357,0,0,1,1,2,0,0,0,0,0,0,0,0,0,0
1,-0.834501419108471,0,0,0,1,0,0,0,0,0,0,0,0,0,0,0
1,1.21400840992808,0,0,1,0,1,1,0,1,1,0,1,0,0,0,0
1,-0.691972599253344,0,0,1,1,1,0,0,0,0,0,0,0,0,0,0
1,0.939831648492693,0,0,1,0,0,0,0,0,0,0,0,1,0,0,0
1,2.60028206337586,0,0,1,1,0,0,0,0,0,0,0,0,0,0,2
1,0.890467455910469,0,0,1,0,1,0,0,1,1,0,0,0,1,0,0
1,-1.04955012940294,0,0,0,0,0,0,0,0,0,0,0,0,0,0,0
1,1.806387442722,0,0,2,1,0,0,0,0,0,0,0,1,0,0,0
1,-0.0690092912953778,0,0,0,2,0,0,1,0,0,0,0,1,0,1,0
1,1.10207608547118,0,0,0,2,1,0,0,0,1,0,0,1,0,0,0
1,4.23108205729572,0,0,2,0,1,0,1,2,0,0,0,0,0,0,0
1,0.710204256530521,0,0,1,1,1,0,0,0,0,0,0,0,0,0,0
1,0.459609949113423,0,0,0,0,1,0,0,0,0,0,0,0,0,0,0
1,1.34599543773193,0,0,1,1,0,0,1,0,1,1,0,0,0,0,0
1,0.557163188015342,0,0,0,1,1,0,1,0,0,1,1,0,0,0,0
1,2.14830132646191,0,0,1,0,1,0,0,0,0,0,1,0,0,2,0
1,0.0132058594336316,0,0,0,0,0,0,1,0,2,0,1,0,0,0,0
1,1.06345410913073,0,0,1,1,0,0,0,0,0,0,0,0,0,0,0
1,-0.192365591716565,0,0,1,1,1,0,0,0,0,1,1,1,0,0,1
1,0.221271088244484,0,0,0,0,1,0,1,0,0,0,1,1,0,0,1
1,1.09687911220735,0,0,1,1,1,0,0,0,0,1,0,0,1,0,1
1,1.19435074735252,0,0,2,1,0,0,0,0,1,0,0,0,0,0,0
1,1.06313118938484,0,0,1,1,0,0,0,1,0,0,0,1,0,0,0
1,-1.50637841864152,0,0,0,0,1,0,0,0,0,0,0,1,0,0,0
1,0.934049739933754,0,0,1,1,0,0,1,1,0,0,0,0,0,0,0
1,0.834183352106994,0,0,0,0,0,1,0,0,0,0,1,0,0,1,1
1,2.27924505516135,0,0,2,0,1,0,1,1,0,0,0,0,0,0,0
1,1.33476843271711,0,0,1,1,0,0,0,1,0,0,0,1,0,1,0
1,1.73035213400678,0,0,1,1,0,0,0,0,0,1,0,1,0,0,1
1,0.948099577718655,0,0,1,0,0,0,0,0,0,1,0,0,1,0,0
1,-1.32473198982116,0,0,0,1,1,0,1,0,1,0,0,0,0,0,0
1,-2.28298822830934,0,0,0,1,0,0,0,0,0,0,0,0,0,0,0
1,1.39042415928269,0,0,1,1,1,0,1,0,1,0,0,0,0,0,0
1,-0.538678868826884,0,0,0,0,0,0,0,0,0,0,0,0,0,0,0
1,0.303954760157824,0,0,0,1,1,0,0,0,1,0,0,1,1,0,0
1,-0.592273770271897,0,0,0,0,1,1,0,0,0,0,1,0,0,0,0
1,1.18670485717807,0,0,1,1,0,0,0,0,0,0,0,0,0,0,1
1,0.874979411701708,0,0,0,0,0,0,0,1,0,0,1,0,1,0,0
1,-0.955827276102411,0,0,1,0,0,0,0,0,0,0,0,0,1,0,0
1,0.477968186721927,0,0,1,1,0,0,0,0,0,0,0,0,0,0,0
1,1.58294238899994,0,0,0,1,0,0,0,0,1,0,0,0,0,0,1
1,-0.781216091481315,0,0,0,0,1,0,0,0,0,0,0,1,0,0,1
1,-2.60629906713777,0,0,0,1,1,0,0,0,0,0,0,0,0,1,0
1,3.51158277670596,0,0,2,0,0,1,0,0,1,0,0,0,0,0,0
1,1.06509458814459,0,0,0,0,0,0,1,1,0,1,1,1,0,0,0
1,2.02953663457279,0,0,0,1,0,0,1,0,0,0,1,1,0,0,0
1,-0.901644505651684,0,0,0,2,0,0,0,0,0,0,0,0,0,0,1
1,0.971493807148358,0,0,1,1,1,0,0,0,0,1,0,1,0,0,1
1,-1.57504128960015,0,0,0,0,1,0,0,0,0,0,0,1,0,0,0
1,-1.01165935157713,0,0,0,0,0,0,0,0,1,0,0,1,0,1,0
1,0.287212346092293,0,0,0,0,1,0,0,0,1,0,0,0,0,0,0
1,0.751133604975038,0,0,0,1,2,0,0,1,0,0,0,0,0,0,1
1,-2.16011939504908,0,0,0,1,0,0,0,0,0,1,0,0,0,0,0
1,1.07642124649158,0,0,2,1,1,0,0,0,0,0,0,0,2,0,0
1,1.72455549577941,0,0,1,2,0,0,1,0,0,0,0,0,0,0,0
1,1.03451749415051,0,0,1,0,0,0,0,1,0,1,0,0,0,0,0
1,-0.275984658749811,0,0,0,1,2,1,1,1,1,0,0,2,0,0,0
1,1.45605411050481,0,0,1,0,0,0,1,0,0,0,0,0,0,0,0
1,-0.305624638773361,0,0,1,0,1,0,0,0,0,0,1,0,0,0,0
1,0.989974729845402,0,0,0,2,1,0,0,1,0,0,0,0,1,1,1
1,0.240764211425303,0,0,0,1,1,0,0,0,0,0,0,0,0,0,0
1,1.44544698123616,0,0,0,0,0,0,0,0,0,0,0,0,1,0,0
1,-0.289098520170441,0,0,0,0,0,0,0,0,1,0,1,1,0,0,0
1,0.933918525480758,0,0,0,0,0,1,0,1,0,0,0,0,0,0,0
1,-1.30319743558699,0,0,0,1,1,0,0,1,1,0,0,0,2,1,0
1,-0.151720217464021,0,0,0,1,0,1,0,0,0,0,0,0,1,0,0
1,1.81965829236832,0,0,1,1,1,0,0,0,0,0,0,0,0,0,0
1,0.269835198073721,0,0,1,2,0,0,0,0,0,0,0,0,1,0,0
1,0.438419951539339,0,0,0,0,0,1,0,0,0,0,0,0,0,0,0
1,2.39446877360823,0,0,0,0,2,0,0,0,0,0,0,0,0,0,0
1,0.17153756599141,0,0,1,0,0,0,0,0,0,0,1,0,0,0,0
1,2.03938538333505,0,0,1,0,0,0,1,0,1,0,0,0,0,0,0
1,-0.56407241873542,0,0,0,0,0,0,0,0,0,0,0,0,1,0,0
1,0.771366653751013,0,0,0,1,1,0,0,0,0,0,0,1,0,0,0
1,-1.24993000257611,0,0,0,1,0,0,0,0,0,0,1,0,0,0,1
1,1.36094468103303,0,0,0,0,1,0,0,0,0,0,0,0,0,0,0
1,0.98472991657446,0,0,1,1,0,0,0,0,0,0,0,0,0,0,0
1,-0.406907673046842,0,0,1,0,1,0,0,0,1,0,0,0,0,0,0
1,1.05081537436504,0,0,0,1,0,0,0,0,0,0,0,0,0,1,0
1,-1.48206307649946,0,0,0,1,0,0,0,0,0,1,0,0,0,0,1
1,-0.616559673418167,0,0,0,1,0,1,0,0,0,0,0,0,0,0,2
2,3.82932343350124,2,2,1,1,1,0,0,0,0,0,0,0,1,0,0
2,1.42162209221142,2,2,0,2,1,0,1,0,0,0,0,0,0,0,0
2,1.34225884093408,2,2,1,1,1,0,0,0,0,0,1,1,0,0,0
2,4.43741694801526,2,2,2,2,1,0,0,0,1,0,0,0,0,0,0
2,1.58094605544705,2,2,2,2,1,0,0,0,0,1,0,1,0,0,1
2,3.82704200737444,2,2,2,1,2,0,1,0,0,1,0,0,0,0,0
2,3.27423531764008,2,2,2,1,2,1,0,0,0,0,1,0,0,1,0
2,2.50352949103783,2,2,2,1,0,0,0,0,0,0,0,0,0,0,1
2,1.19229388086121,2,2,0,2,2,0,1,0,0,0,0,0,0,0,0
2,1.14312838184404,2,2,1,1,2,0,0,0,0,0,2,0,0,1,0
2,2.46256915210782,2,2,2,1,1,0,0,0,1,0,1,0,0,1,0
2,2.95911014521861,2,2,1,1,1,1,1,0,0,0,0,1,0,0,1
2,-0.686927516260772,2,2,0,1,2,0,0,0,0,0,0,0,0,1,0
2,3.40224667957672,2,2,2,1,1,0,0,0,1,0,0,0,0,0,0
2,0.512188932659584,2,2,0,2,2,0,1,0,0,0,0,0,0,0,0
2,1.04381557209616,2,2,0,0,2,0,0,1,1,0,0,0,0,0,0
2,5.18037274758259,2,2,2,2,0,0,1,0,2,0,0,0,0,0,0
2,3.37191895294854,2,2,0,1,1,0,0,0,1,1,0,0,0,0,0
2,3.98814420190621,2,2,2,0,0,1,0,1,0,0,0,0,0,0,1
2,1.50484333009727,2,2,1,0,1,0,0,0,0,0,0,1,0,1,0
2,1.34238257783862,2,2,1,1,1,0,0,0,0,0,0,1,1,1,0
2,2.6335394563155,2,2,1,1,1,0,0,0,0,0,0,0,0,0,0
2,0.360173718991073,2,2,1,0,1,1,0,0,0,0,0,0,0,1,0
2,3.02457534819319,2,2,1,1,0,0,0,1,0,1,0,0,0,0,1
2,2.77852345050335,2,2,2,2,1,0,0,0,0,1,1,0,0,0,0
2,2.51527126647931,2,2,2,2,1,0,0,0,0,0,1,0,0,0,0
2,2.99214711169123,2,2,2,1,1,0,0,0,0,0,0,0,0,0,0
2,1.77940506157411,2,2,1,1,2,0,0,0,1,0,0,0,1,1,0
2,-0.195114193481117,2,2,0,1,2,1,0,0,0,0,0,0,0,0,0
2,3.17165302999375,2,2,1,2,1,0,0,1,1,0,0,0,0,0,1
2,1.75543027406479,2,2,0,0,1,0,0,0,0,0,1,0,0,0,0
2,1.52804312852699,2,2,1,1,2,0,0,1,0,0,0,0,0,1,0
2,2.10038719358646,2,2,2,2,0,0,1,0,0,0,0,0,0,0,0
2,1.38626555955726,2,2,0,2,1,0,0,1,0,0,0,0,0,0,0
2,2.12002942839239,2,2,1,1,2,0,0,0,0,0,1,0,0,0,0
2,-0.1461910525818,2,2,0,2,1,0,0,0,0,0,0,0,1,0,0
2,1.62425623448669,2,2,2,1,1,0,0,1,0,0,0,0,0,0,0
2,0.474967188157429,2,2,1,2,1,1,0,0,0,0,0,1,0,1,0
2,1.59975107338156,2,2,1,0,1,0,0,1,1,0,0,0,0,0,1
2,0.389831904219063,2,2,0,0,1,0,0,0,0,1,0,0,0,0,0
2,2.5957588177314,2,2,2,2,0,0,0,1,0,1,0,1,0,0,0
2,1.65790315998843,2,2,1,1,1,0,0,0,1,0,0,0,1,0,0
2,0.786753666589208,2,2,1,2,0,0,0,0,0,0,0,0,1,0,1
2,2.34335641272758,2,2,2,1,0,0,0,0,0,1,0,0,0,0,0
2,0.550039642392341,2,2,0,1,2,0,1,0,0,0,0,0,0,0,0
2,0.692598546917438,2,2,1,1,0,0,0,0,0,0,0,0,0,1,0
2,3.04917296286967,2,2,2,1,0,0,0,0,0,0,0,0,0,0,0
2,1.13146602821562,2,2,0,2,2,0,2,1,0,0,0,0,1,0,0
2,2.36652017050565,2,2,1,1,0,0,0,0,0,1,0,0,1,0,0
2,3.4207279548661,2,2,0,1,1,0,0,0,0,0,0,0,0,0,0
2,1.96124440922685,2,2,1,0,0,1,0,1,0,0,1,1,1,0,0
2,1.70725853482616,2,2,1,1,2,0,0,0,0,0,0,1,0,0,0
2,3.74715793543002,2,2,2,0,2,1,0,0,1,0,0,0,0,0,0
2,0.882595561646582,2,2,1,0,1,0,0,0,0,1,0,0,0,0,1
2,4.29837783876204,2,2,2,1,1,1,0,0,0,0,0,0,0,0,0
2,0.703516012535148,2,2,1,0,0,1,0,0,0,1,0,1,0,0,0
2,1.73871044922634,2,2,2,1,1,0,0,0,0,0,0,1,1,0,1
2,3.37102403871298,2,2,2,0,1,0,0,0,1,0,0,1,2,0,0
2,-0.190571918241727,2,2,0,2,0,0,1,0,0,0,0,0,0,0,1
2,3.61625355286555,2,2,2,1,1,0,0,0,0,0,0,0,1,0,0
2,2.3925777250376,2,2,1,1,2,0,0,1,0,0,0,1,0,0,0
2,0.469666215553398,2,2,1,0,1,0,0,1,0,0,0,0,1,1,0
2,2.90305596755038,2,2,1,1,1,1,1,0,0,1,0,0,1,0,0
2,0.566344463383317,2,2,0,2,1,0,1,0,0,0,0,0,0,0,0
2,2.06223038616897,2,2,2,2,1,0,0,0,0,0,0,0,0,0,0
2,3.05547860617666,2,2,2,2,2,0,0,1,0,0,0,0,1,0,1
2,1.42049962467519,2,2,0,1,0,0,0,0,0,0,1,0,0,0,0
2,2.47749388328979,2,2,1,1,1,1,0,1,1,0,1,0,0,0,0
2,2.1096992337216,2,2,1,2,1,0,1,1,0,0,0,0,1,0,0
2,0.964407131588707,2,2,1,1,2,0,0,0,1,0,0,0,0,0,1
2,2.76161927530487,2,2,1,1,1,1,0,0,0,0,0,0,0,0,0
2,2.27376835989329,2,2,2,1,1,0,0,0,0,0,0,1,1,0,0
2,-0.00422191660096627,2,2,0,0,2,1,0,0,0,1,0,1,0,0,1
2,1.48488640657251,2,2,1,2,2,0,0,0,0,0,0,1,0,0,0
2,2.43155507786855,2,2,1,0,2,0,0,0,0,1,0,0,0,0,0
2,2.30333382518095,2,2,2,1,0,0,0,1,1,0,0,0,0,0,0
2,1.36285633861787,2,2,1,0,0,0,0,0,0,0,1,0,0,0,1
2,4.16189484766243,2,2,2,2,0,0,0,0,0,0,1,0,0,0,1
2,2.16630772485288,2,2,2,0,1,0,0,0,0,0,0,0,1,1,0
2,2.37484659194133,2,2,1,1,0,0,1,1,0,1,0,0,1,0,1
2,1.26705828137702,2,2,0,2,1,0,0,1,0,1,1,0,0,0,0
2,3.47819609561109,2,2,2,0,1,0,0,0,0,0,1,0,0,0,0
2,0.240948513125443,2,2,1,0,2,0,0,0,1,0,1,0,0,0,0
2,1.89993072553919,2,2,0,1,1,0,0,1,0,0,0,0,0,0,0
2,4.98964568377038,2,2,2,1,1,0,0,0,0,0,0,0,1,1,0
2,3.76230056991164,2,2,2,2,0,1,0,0,0,1,0,0,1,1,0
2,3.96531057889431,2,2,2,1,2,0,0,0,0,0,0,0,0,0,0
2,2.00633487753588,2,2,2,2,0,1,0,0,0,0,0,0,0,0,0
2,2.4120250838442,2,2,1,0,1,0,0,0,0,0,0,0,0,0,0
2,0.573984999778003,2,2,1,1,1,1,0,0,0,1,2,0,0,0,0
2,2.01280113688176,2,2,2,1,0,0,0,0,0,0,1,0,0,0,1
2,2.33135156839395,2,2,1,0,2,0,0,0,0,0,1,0,0,0,0
2,3.48695094744578,2,2,2,2,2,0,0,1,0,1,0,0,1,0,0
2,2.39347424189546,2,2,1,1,2,0,0,0,1,1,0,0,0,0,1
2,4.01946029960009,2,2,2,1,1,0,0,1,0,0,0,0,0,0,0
2,3.45859501194505,2,2,1,2,1,1,0,0,0,0,0,0,0,0,0
2,0.987116138881133,2,2,0,2,0,1,0,1,0,1,0,1,1,0,0
2,2.07006591054716,2,2,2,1,1,0,0,1,0,0,0,0,0,0,0
2,0.271326077984783,2,2,0,2,1,0,0,0,0,0,0,0,1,1,0
2,0.899671641357295,2,2,1,1,1,0,0,0,0,0,0,0,0,0,1
2,2.21681508632593,2,2,1,0,1,0,0,0,0,1,0,1,0,0,0
2,0.644540628193754,2,2,1,1,1,0,0,0,0,0,1,0,0,0,0
2,1.46564229149942,2,2,1,0,1,1,0,0,0,1,0,0,1,1,0
2,3.13212883349835,2,2,2,1,0,0,0,0,1,0,0,0,0,0,0
2,1.39663471273813,2,2,2,0,1,0,0,0,0,0,0,0,0,0,0
2,-0.0287266513198794,2,2,0,0,1,0,0,0,1,0,0,0,1,1,1
2,1.89292388932968,2,2,1,1,1,0,0,1,0,0,0,0,0,1,0
2,2.15548731406609,2,2,2,1,0,0,0,0,0,0,0,0,0,1,0
2,1.83970138523928,2,2,1,0,1,0,0,0,0,0,0,0,1,1,0
2,0.193608490370573,2,2,0,1,1,0,0,0,0,0,0,0,0,1,0
2,2.95254576316703,2,2,2,0,0,0,1,0,0,1,0,0,0,0,2
2,-0.128622186674954,2,2,0,2,1,0,0,0,0,0,1,0,0,0,0
2,3.39433561780942,2,2,2,2,0,0,1,0,0,0,0,0,0,0,0
2,4.06023469244215,2,2,2,1,2,0,0,0,0,2,0,0,0,0,1
2,3.30258886841716,2,2,2,0,2,0,0,0,1,0,0,1,0,0,0
2,2.88474000374032,2,2,2,1,0,0,0,0,0,0,1,0,0,0,0
2,3.81687565540687,2,2,1,1,1,0,0,0,0,0,0,1,1,0,1
2,1.65104739204178,2,2,1,1,2,1,0,0,0,0,2,0,0,0,2
2,-0.457334106614598,2,2,0,2,0,0,0,1,1,1,0,0,0,1,0
2,1.71972080743141,2,2,2,0,1,0,0,0,1,0,0,0,1,1,0
2,0.364535574691199,2,2,0,1,1,0,0,0,0,0,0,0,0,0,0
2,1.83564956929137,2,2,1,0,0,0,0,1,0,0,0,0,0,0,0
2,3.76462205939549,2,2,1,0,0,0,1,0,2,0,0,0,0,0,0
2,2.47450086079228,2,2,0,0,1,0,0,1,1,0,0,0,1,0,0
2,2.32135267989319,2,2,1,0,2,0,1,0,0,1,0,0,0,1,0
2,0.705438972589476,2,2,1,1,0,0,1,0,0,0,0,0,0,1,1
2,3.49751250979496,2,2,2,2,1,1,1,0,0,0,0,0,0,1,0
2,2.30703273108869,2,2,2,0,0,0,0,1,0,0,1,0,0,1,0
2,1.17147162060619,2,2,0,1,0,0,0,0,1,0,0,0,0,0,0
2,3.25267866302154,2,2,1,1,1,1,0,0,0,0,0,0,0,0,0
2,3.6282891904861,2,2,2,1,2,0,1,1,0,0,0,1,2,0,0
2,2.0046132518641,2,2,1,0,0,0,0,0,0,0,0,0,1,0,0
2,4.21094837893523,2,2,2,0,1,0,0,0,0,1,0,0,1,0,0
2,2.41461769403761,2,2,1,2,0,0,0,1,0,1,0,0,1,0,1
2,0.857359622539705,2,2,1,1,0,0,0,1,0,1,0,0,1,0,0
2,2.45324416872685,2,2,1,1,0,0,0,1,0,0,0,0,1,0,0
2,2.19492134908107,2,2,2,0,1,0,0,0,0,1,0,0,0,0,0
2,0.974122614758429,2,2,1,0,1,0,0,0,0,0,0,0,0,0,1
2,-0.727444645047193,2,2,0,1,2,0,0,0,2,0,0,0,0,0,0
2,-0.0788987448080098,2,2,0,2,2,1,0,0,0,0,0,0,0,0,1
2,2.74431236242207,2,2,0,1,1,0,0,2,0,0,1,0,0,0,0
2,1.44806825996526,2,2,1,1,2,0,0,1,0,0,1,0,1,0,1
2,3.01168987668995,2,2,2,1,2,1,0,0,0,0,0,0,0,1,0
2,2.09069914703953,2,2,2,1,1,0,1,0,0,0,0,1,0,1,0
2,4.4122044417953,2,2,1,1,1,0,0,1,0,0,0,0,0,0,0
2,2.27148982679145,2,2,2,1,0,0,0,0,1,0,0,1,0,0,0
2,4.35599325785386,2,2,2,1,1,0,1,0,0,0,0,0,0,0,0
2,1.43374370168097,2,2,0,1,2,0,0,0,0,0,0,0,0,0,1
2,2.33408378530031,2,2,1,1,0,0,0,0,0,0,0,0,0,1,0
2,1.23562858827045,2,2,0,1,1,0,0,0,0,0,0,0,0,0,0
2,3.61936162563995,2,2,2,1,1,0,0,0,1,2,0,0,0,0,0
2,3.8536656625099,2,2,2,0,1,0,0,1,0,1,0,0,0,1,0
2,2.91708363991741,2,2,2,0,1,0,1,0,0,0,0,0,1,0,0
2,2.62963903476316,2,2,1,2,1,0,2,0,0,0,2,0,0,0,0
2,2.48970939288116,2,2,0,0,0,0,1,1,0,0,0,0,0,0,0
2,2.46029808765229,2,2,0,1,1,1,0,0,0,0,0,0,0,0,0
2,4.12862399155021,2,2,1,1,2,0,0,1,0,1,1,1,0,1,1
2,0.885452735107218,2,2,2,2,1,1,0,0,0,0,0,0,0,0,1
2,3.65053268556271,2,2,2,0,2,0,1,0,0,1,0,1,0,0,0
2,2.41675265175371,2,2,1,0,1,0,1,0,0,0,0,0,1,0,0
2,-0.574033235056981,2,2,0,0,2,0,0,0,0,0,0,0,0,0,0
2,3.0321370497665,2,2,2,0,1,0,0,0,0,0,0,0,0,0,0
2,1.48338452510273,2,2,1,1,1,1,0,0,0,1,0,0,1,0,0
2,2.633958759771,2,2,1,0,1,1,0,1,0,0,1,0,0,0,0
2,0.912291931174407,2,2,1,0,0,0,0,0,0,0,1,0,0,0,0
2,1.96721275880006,2,2,1,1,0,0,0,0,0,1,1,0,0,0,2
2,1.56560242870934,2,2,1,1,0,0,0,0,0,0,1,0,0,0,0
2,3.66329687335025,2,2,1,0,0,1,0,0,0,0,1,1,0,0,0
2,1.56210988149721,2,2,0,1,0,0,0,0,0,0,0,0,0,0,1
2,2.83855829586943,2,2,2,2,2,0,1,0,0,1,1,0,0,0,0
2,3.29940289910554,2,2,2,2,2,0,0,0,0,0,0,0,1,1,0
2,3.13557786700863,2,2,1,1,2,0,0,0,0,0,0,1,0,0,0
2,2.44067164572493,2,2,1,1,2,0,0,0,0,0,0,0,0,0,0
2,2.64762776641445,2,2,1,1,0,1,0,0,2,0,0,0,1,0,1
2,3.38346456144384,2,2,2,0,1,1,0,0,0,1,0,0,0,0,0
2,3.13244873192574,2,2,2,1,1,1,0,0,1,0,0,0,0,0,0
2,3.44518145059057,2,2,2,1,0,0,0,0,0,0,0,1,0,0,0
2,0.855073796695758,2,2,0,2,1,0,0,1,0,0,0,0,1,0,1
2,-0.164325633009446,2,2,0,1,1,0,0,0,0,0,1,0,1,0,0
2,2.61786375084594,2,2,1,0,1,1,0,0,0,0,0,0,0,0,1
2,2.04931037355033,2,2,1,1,2,0,1,0,1,0,0,1,0,0,0
2,1.46573582372453,2,2,0,1,0,1,0,1,0,0,0,0,0,0,0
2,0.489779634180671,2,2,1,1,2,0,1,0,0,2,0,0,2,0,1
2,0.0161341684497432,2,2,0,1,1,0,0,0,0,0,0,0,0,1,2
2,0.430494391053006,2,2,1,1,1,0,1,0,0,0,0,0,0,1,0
2,1.35724036120298,2,2,0,0,0,0,0,0,0,0,0,0,1,0,0
2,0.464251681328506,2,2,0,1,1,0,1,0,0,0,0,0,0,0,0
2,5.07417222848091,2,2,2,2,2,0,1,0,0,0,0,0,0,0,0
2,1.65118223227236,2,2,1,2,1,1,0,0,0,0,0,0,0,0,0
2,3.28157904218095,2,2,2,1,1,0,0,0,0,0,0,1,0,0,0
2,2.19270717697167,2,2,2,1,1,0,0,0,1,0,0,0,1,0,0
2,3.45123087749225,2,2,1,2,1,1,0,0,0,0,0,0,0,1,1
2,1.33278814951803,2,2,0,0,1,0,0,1,0,0,0,0,0,0,1
2,1.49353425550575,2,2,1,0,0,0,0,0,0,0,0,0,0,1,0
2,2.74477020423677,2,2,2,1,0,0,1,0,0,0,0,0,0,0,1
2,3.04105543707437,2,2,1,2,1,0,0,0,1,0,1,0,0,0,0
2,0.116917224579882,2,2,0,1,0,0,0,0,0,0,1,0,0,0,0
2,-0.208084333715185,2,2,1,1,1,0,0,0,0,0,0,0,0,0,0
2,2.31521352446392,2,2,1,1,1,0,0,0,0,1,0,0,0,0,1
2,-0.75925027960606,2,2,0,1,2,0,1,0,0,0,0,0,0,0,0
2,3.85585193736088,2,2,1,1,0,0,0,0,0,0,0,0,1,0,0
2,2.08741560130971,2,2,0,0,0,0,0,0,1,1,0,0,1,0,0
2,3.07006299778485,2,2,1,0,1,1,0,0,0,0,0,0,0,0,1
2,1.32534761198205,2,2,1,2,1,0,0,0,0,0,1,0,0,0,1
2,1.31225556380335,2,2,1,2,2,0,0,0,0,1,0,0,0,0,1
2,1.06144605244343,2,2,0,1,0,0,1,1,0,0,0,0,0,0,0
2,0.72146952766166,2,2,0,1,1,0,0,0,0,0,1,0,0,0,0
2,1.92643717488701,2,2,0,1,1,0,0,0,1,0,0,0,0,0,1
2,2.26828016923879,2,2,1,1,0,0,1,0,0,0,0,0,0,1,0
2,1.17302378669683,2,2,0,2,0,0,0,0,0,0,0,0,0,0,0
2,1.37426119943439,2,2,1,1,1,0,0,0,0,0,1,1,0,0,0
2,1.97503625203002,2,2,1,2,2,0,0,0,0,1,0,0,0,0,0
2,2.69583227925251,2,2,1,1,0,1,1,0,0,0,1,0,0,0,0
2,2.57262683810889,2,2,1,1,2,0,0,0,0,0,0,1,0,1,0
2,5.16938850370653,2,2,2,1,1,0,0,0,0,0,0,0,0,0,0
2,2.251964887166,2,2,0,1,1,0,0,0,1,0,0,0,1,0,0
2,0.783892435867422,2,2,2,2,0,0,0,0,0,1,1,0,0,0,1
2,0.706192267511635,2,2,0,2,0,0,0,0,0,0,0,0,0,0,0
2,3.46768108659649,2,2,1,2,1,0,0,0,0,1,0,0,0,0,0
2,3.43270312973257,2,2,1,1,1,0,0,0,0,0,0,0,0,1,0
2,0.905603495393384,2,2,0,1,1,0,0,0,0,0,0,0,0,0,0
2,3.13766683606495,2,2,2,1,2,0,0,0,0,1,0,0,0,0,0
2,3.55467598847387,2,2,2,2,1,0,0,0,0,0,0,0,0,0,1
2,2.47761470742142,2,2,1,2,1,0,0,0,0,1,1,0,0,0,0
2,1.886381324879,2,2,1,1,0,0,0,0,0,0,0,0,0,0,0
2,0.192211055495333,2,2,0,1,0,2,0,0,0,1,0,1,1,0,0
2,4.41492221295887,2,2,2,2,2,0,0,0,0,0,0,0,0,0,0
2,2.12171453186903,2,2,1,0,0,0,0,0,0,0,0,0,0,0,0
2,3.22068429044554,2,2,2,0,1,1,0,0,0,0,0,0,0,0,0
2,2.25853285376493,2,2,2,2,1,1,0,0,0,0,0,0,1,0,0
2,1.39563936925188,2,2,0,1,0,0,1,0,0,0,0,0,0,0,0
2,1.29952418270788,2,2,1,1,0,0,1,0,0,0,0,0,0,0,0
2,1.67304768835202,2,2,1,2,1,0,0,0,1,0,0,0,0,0,0
2,2.74254765173843,2,2,2,1,1,0,0,0,0,0,0,0,0,1,0
2,0.446152530449574,2,2,0,2,2,0,0,0,0,0,0,0,0,0,0
2,-0.0760534730162008,2,2,0,2,0,0,0,0,0,0,0,0,0,0,1
2,2.53748569510487,2,2,1,2,2,0,0,1,0,1,0,0,0,1,1
2,0.451509405083017,2,2,0,1,0,1,0,0,0,0,0,0,0,0,0
2,4.73855593429735,2,2,2,1,1,1,0,0,0,1,0,1,0,0,0
2,1.90178161335718,2,2,1,0,0,0,0,0,0,0,0,0,0,0,1
2,-0.489782694291059,2,2,0,1,1,0,0,0,0,0,0,0,0,1,0
2,2.00591775641993,2,2,1,1,1,0,0,0,0,0,0,1,0,0,1
2,1.94920640881428,2,2,0,2,1,0,0,0,0,0,0,0,0,0,1
2,3.71394237604047,2,2,1,1,0,0,1,0,0,0,0,1,0,1,0
2,2.13502807830028,2,2,1,2,1,0,0,0,0,0,0,0,0,0,1
2,4.75713011368106,2,2,1,1,1,0,0,0,0,0,0,0,0,0,0
2,0.163308832908557,2,2,0,0,1,0,0,0,0,0,0,0,1,0,0
2,2.00430529526848,2,2,1,2,1,0,1,0,0,0,1,1,0,0,0
2,1.91740797096635,2,2,1,1,1,1,1,0,1,0,0,0,0,0,1
2,2.71890984603588,2,2,2,2,2,0,0,0,0,0,0,1,0,1,0
2,0.198372553237403,2,2,0,1,2,1,0,0,0,1,0,0,0,0,0
2,5.65905899686451,2,2,2,0,1,1,0,0,0,0,0,0,0,1,0
2,0.997634847607796,2,2,0,1,2,1,0,1,0,0,0,0,0,0,0
2,1.6864497961009,2,2,0,1,0,0,0,0,0,0,0,0,1,1,0
2,2.30085186795629,2,2,2,1,1,0,0,0,0,0,0,1,1,1,0
2,2.69721967482825,2,2,2,1,0,1,0,0,0,1,0,0,1,0,0
2,1.25891738612206,2,2,1,1,0,0,1,0,0,1,0,1,1,0,0
2,1.91820756198552,2,2,1,1,1,0,0,0,0,0,0,2,0,0,0
2,2.33485313896758,2,2,1,2,1,0,0,0,0,0,0,0,1,0,2
2,2.73383655530613,2,2,2,1,1,1,0,1,0,0,1,0,0,0,0
2,2.20197524706643,2,2,1,0,1,0,0,0,1,1,1,0,0,1,0
2,2.82828086506926,2,2,1,1,2,0,0,0,0,0,0,0,0,0,0
2,2.67408668633897,2,2,1,1,2,0,0,0,0,0,0,0,0,0,0
2,1.65767805779665,2,2,0,1,0,0,0,0,0,0,0,0,0,0,0
2,1.69862518343301,2,2,1,0,2,0,0,0,0,0,0,1,0,0,0
2,3.31957595650727,2,2,1,1,1,2,0,0,0,0,0,0,0,1,0
2,0.863391180532677,2,2,1,2,1,0,0,0,0,0,1,0,0,0,0
2,1.3451205100916,2,2,2,0,0,0,0,0,0,0,0,1,1,0,0
2,0.0518892972998066,2,2,0,1,1,0,1,0,0,0,1,0,1,0,0
2,2.53238087040963,2,2,1,1,1,0,0,0,1,0,1,0,0,0,0
2,2.71689282974136,2,2,1,1,1,0,0,0,0,1,0,0,0,1,0
2,2.0703096929329,2,2,2,1,2,1,0,0,0,1,0,0,0,0,0
2,1.07488011985628,2,2,0,0,2,1,0,0,0,0,0,0,0,0,0
2,2.37253644673571,2,2,0,1,1,0,0,0,0,0,0,0,0,0,0
2,0.905635098620317,2,2,1,2,0,0,0,0,1,1,1,1,1,0,0
2,0.213373434897449,2,2,0,2,0,0,0,0,0,1,0,0,0,0,0
2,2.68423229547036,2,2,1,0,2,0,0,0,0,0,0,0,0,0,0
2,0.915095993600803,2,2,0,0,2,0,0,0,1,0,1,0,0,1,0
2,3.91571794408966,2,2,2,1,1,0,0,0,0,0,0,0,1,0,0
2,0.947076758513007,2,2,0,0,1,1,0,0,0,1,0,0,1,0,0
2,3.50768859732402,2,2,1,0,1,0,0,0,0,0,0,0,1,0,0
2,2.74159088793093,2,2,1,2,1,1,0,1,0,1,0,1,0,0,1
2,1.88069585289319,2,2,1,2,0,0,0,0,0,0,0,0,0,1,0
2,0.658546378101844,2,2,0,1,1,1,0,0,0,1,1,0,0,0,0
2,1.54410326427429,2,2,1,1,2,0,0,0,0,0,0,0,0,0,0
2,2.28837141194281,2,2,1,1,1,0,0,0,0,0,0,1,0,0,0
2,2.01731644313002,2,2,1,0,1,0,0,1,0,0,0,0,0,0,0
2,0.940566786993996,2,2,0,0,0,1,0,1,0,0,0,1,1,0,0
2,1.39299042122078,2,2,0,1,1,0,0,0,0,1,0,1,0,0,1
2,4.48163780277952,2,2,2,0,2,1,0,1,1,0,0,0,0,0,0
2,1.57735543058319,2,2,1,0,1,0,0,0,0,0,1,0,0,0,0
2,4.11614280409096,2,2,1,0,0,0,0,0,0,0,0,0,1,0,0
2,1.39085674594066,2,2,1,2,2,0,0,0,0,0,0,0,0,1,0
2,1.64632445021836,2,2,1,1,2,0,0,0,0,0,0,0,1,1,0
2,0.477797117662893,2,2,1,2,1,0,0,1,0,0,0,0,0,0,0
2,1.40061774170971,2,2,1,2,1,0,0,0,0,0,0,0,0,0,1
2,1.692273573333,2,2,0,1,0,0,2,1,0,0,1,0,0,0,0
2,2.61146388329873,2,2,1,1,1,0,0,0,0,1,0,0,1,1,1
2,0.292774774107437,2,2,1,1,0,0,1,0,0,1,1,0,0,0,0
2,3.84957297059547,2,2,1,1,1,1,0,0,1,0,1,0,0,1,0
2,1.57595367096814,2,2,1,0,1,0,0,0,0,0,0,0,0,0,0
2,3.40227545093931,2,2,1,1,2,1,0,0,1,0,0,0,0,0,0
2,1.37404951407384,2,2,0,0,1,0,0,0,0,0,0,0,0,0,0
2,2.43565872320263,2,2,1,2,1,0,0,0,0,0,0,0,0,0,0
2,2.59840117545721,2,2,1,2,2,0,0,0,0,0,0,0,0,0,0
2,3.3388617711014,2,2,2,0,0,0,0,0,1,0,0,0,0,0,0
2,0.0463139608118038,2,2,0,1,0,0,0,0,1,0,0,1,0,0,0
2,-1.02374303826716,2,2,0,0,2,0,0,0,1,1,0,0,0,0,0
2,4.57237083369658,2,2,1,1,0,0,0,0,0,0,0,0,1,0,0
2,3.73809329007796,2,2,2,0,1,0,0,0,1,0,0,0,0,0,1
2,2.16746037101135,2,2,2,1,1,0,0,0,0,2,0,0,0,1,0
2,1.43242724162285,2,2,1,1,1,1,0,0,0,0,0,0,0,0,0
2,2.11129983218496,2,2,1,0,1,0,0,0,0,1,0,0,0,0,0
2,0.473366599745454,2,2,1,1,0,1,0,1,1,0,1,0,0,0,0
2,1.58761059012412,2,2,2,1,1,0,0,0,1,1,0,0,1,1,0
2,0.725363503196488,2,2,1,2,1,1,0,1,1,0,0,0,1,0,2
2,4.70182717774212,2,2,2,1,2,0,0,0,1,0,1,1,1,0,0
2,1.89377274625787,2,2,0,2,1,1,0,0,0,0,1,0,0,0,0
2,3.59750802689423,2,2,2,1,1,0,0,1,0,1,0,0,1,0,1
2,1.62388690853191,2,2,2,0,2,0,0,0,0,1,0,0,0,0,0
2,1.53456868933666,2,2,0,2,2,1,0,0,0,0,0,0,0,0,0
2,3.07970825979809,2,2,1,1,2,0,0,0,0,0,1,0,1,0,1
2,0.880571499856359,2,2,0,0,0,1,1,2,0,1,0,0,0,0,1
2,3.34988032759674,2,2,1,2,2,0,0,0,0,1,0,0,0,0,0
2,1.00603281643545,2,2,1,0,1,1,1,0,0,1,1,0,0,0,0
2,2.24706932052337,2,2,1,1,1,0,0,1,0,0,0,1,0,1,0
2,1.85618608752207,2,2,1,2,2,0,0,0,1,0,0,0,0,0,0
2,2.27695428073004,2,2,1,0,0,0,0,1,0,0,0,1,1,0,0
2,1.7834500314087,2,2,1,2,2,0,2,1,1,0,0,0,1,1,0
2,2.01596733115677,2,2,1,2,1,1,1,0,0,0,0,0,0,0,0
2,3.98261731080461,2,2,2,0,2,0,0,0,0,1,0,0,0,0,0
2,2.95440580087974,2,2,2,0,1,0,0,0,0,0,0,0,0,0,1
2,3.9805752705843,2,2,2,2,1,0,0,0,0,0,0,0,1,0,0
2,1.70752160164616,2,2,0,1,2,0,0,0,1,0,0,0,1,0,0
2,3.18592385305694,2,2,1,1,0,0,0,1,0,0,0,0,0,0,0
2,1.32113019806723,2,2,1,1,1,0,0,0,1,0,0,2,0,1,0
2,5.3586320597318,2,2,2,1,2,1,0,0,0,1,0,0,0,0,0
2,0.0475941792538839,2,2,0,1,2,0,0,0,0,0,0,0,0,0,0
2,2.20214958489113,2,2,2,2,0,0,0,1,0,1,0,0,0,0,1
2,0.832893718023623,2,2,1,1,0,1,0,0,0,0,0,0,0,0,0
2,1.39808570017741,2,2,1,1,2,2,0,0,1,0,0,0,0,0,0
2,1.41367550706326,2,2,0,2,1,0,0,0,0,0,1,1,0,0,0
2,3.33628535920692,2,2,1,1,1,0,1,0,1,0,0,0,1,1,0
2,1.17390526926051,2,2,0,1,1,0,0,0,0,0,0,1,1,0,0
2,0.640662595755136,2,2,0,2,1,0,0,0,1,0,0,0,0,0,0
2,1.92134315008149,2,2,2,1,1,1,0,0,0,0,0,0,0,0,0
2,2.13038024814354,2,2,1,0,1,0,0,1,0,0,0,1,0,0,1
2,1.55206150728303,2,2,0,1,2,1,0,1,0,0,0,0,0,0,0
2,3.00430496933282,2,2,2,0,0,0,0,0,0,0,0,1,0,0,0
2,4.07383228943447,2,2,2,1,1,0,1,0,0,0,0,0,0,0,0
2,1.53222551700663,2,2,2,0,1,1,0,1,0,1,0,1,1,0,1
2,1.91441887012249,2,2,0,1,2,1,0,0,0,0,0,0,0,0,1
2,1.93102049619923,2,2,1,1,2,0,0,0,0,0,0,1,0,0,0
2,-0.193552244549131,2,2,0,2,2,0,0,0,0,0,0,0,1,0,0
2,1.59310399034416,2,2,1,2,0,0,1,0,0,1,0,1,0,1,0
2,0.935265052493095,2,2,0,2,2,0,0,0,2,0,0,0,0,1,0
2,2.05498768163824,2,2,1,0,1,0,0,1,0,0,0,0,0,0,1
2,1.98730303833442,2,2,2,1,1,0,1,0,0,0,0,0,1,0,0
2,0.33448665105442,2,2,1,1,2,0,0,0,0,0,1,1,0,1,1
2,2.54941738881955,2,2,1,1,1,0,0,0,0,1,0,1,0,0,0
2,4.07439700941709,2,2,2,1,0,1,0,0,0,0,0,0,0,0,0
2,2.43981020498942,2,2,2,1,2,1,1,0,0,0,1,0,0,0,1
2,1.19739575367546,2,2,1,1,1,0,0,0,1,0,0,1,0,0,0
2,2.0103852369832,2,2,2,1,0,0,0,0,0,0,0,0,0,0,0
2,0.57458964874853,2,2,0,1,1,1,1,0,0,0,0,0,0,0,0
2,2.31552518313879,2,2,0,1,1,0,0,1,1,1,0,0,1,0,1
2,0.153971595332889,2,2,1,1,2,0,0,0,0,1,0,1,0,0,1
2,2.37375572043235,2,2,2,2,1,0,0,0,0,0,0,0,0,1,0
2,2.1132053920507,2,2,1,0,2,0,0,1,0,0,0,0,0,0,0
2,1.68493637520164,2,2,1,0,0,0,0,1,0,0,0,1,0,0,0
2,3.79033676263515,2,2,1,0,1,0,0,0,0,0,0,1,0,1,0
2,-0.273500242180268,2,2,0,0,0,0,1,0,1,0,0,0,0,0,0
2,-0.0131081067072369,2,2,0,2,0,1,0,0,0,0,0,0,0,0,1
2,2.31453423422193,2,2,2,0,1,0,1,0,0,0,0,0,0,0,0
2,0.0350006675953696,2,2,1,0,1,0,0,0,2,0,0,0,2,0,0
2,0.570113145851062,2,2,1,0,1,0,0,0,1,0,0,0,0,0,0
2,0.196677725215292,2,2,1,1,1,1,0,0,0,0,0,0,0,0,0
2,1.04527654877698,2,2,1,0,1,1,0,1,0,1,0,0,0,1,0
2,0.820957468925094,2,2,1,1,1,0,0,0,0,0,0,0,0,0,0
2,1.50334997226248,2,2,1,1,1,0,1,1,0,0,0,0,0,0,0
2,2.99592346413125,2,2,0,0,2,0,0,0,0,0,1,1,0,0,0
2,0.599906726724036,2,2,1,1,1,0,1,0,1,1,0,0,0,0,1
2,0.75876390623341,2,2,1,0,2,1,1,0,1,0,0,0,0,0,1
2,1.61571379933272,2,2,1,0,2,0,0,0,0,0,0,0,0,0,0
2,1.75277401348154,2,2,1,0,1,0,0,0,1,0,1,0,0,1,1
2,1.20787113430196,2,2,0,1,0,0,1,1,0,0,1,0,0,0,0
2,2.25877198182038,2,2,1,2,1,0,0,1,0,0,0,0,0,1,0
2,0.759967162536305,2,2,0,0,0,0,0,0,0,0,1,1,1,0,0
2,3.09911933370141,2,2,2,2,1,0,0,0,0,0,0,0,0,0,0
2,1.06677968161903,2,2,1,0,0,0,0,0,0,0,0,0,0,1,0
2,2.65494872653515,2,2,2,2,2,1,0,0,0,0,0,0,0,1,0
2,1.36245116075016,2,2,1,0,2,0,0,0,0,0,0,0,0,1,1
2,3.78673868848957,2,2,2,2,1,1,0,1,1,0,0,0,0,0,0
2,1.37840121030348,2,2,1,1,1,0,0,0,0,0,0,1,0,0,0
2,1.43800130897184,2,2,1,1,1,1,0,0,0,0,0,0,0,0,0
2,2.67417466348233,2,2,1,1,0,0,0,0,0,0,0,0,0,0,0
2,2.79748479332395,2,2,2,2,0,1,1,0,0,0,0,1,0,0,0
2,1.74547852219704,2,2,1,2,1,0,0,0,0,0,0,0,0,0,0
2,4.09396552385839,2,2,2,1,2,0,0,0,0,0,1,1,1,0,0
2,1.11731238582935,2,2,0,1,1,1,0,0,0,0,0,0,0,0,0
2,2.14509335570711,2,2,1,2,2,0,0,0,0,0,0,0,0,0,0
2,0.445443671696583,2,2,1,1,1,1,0,0,0,0,0,0,0,1,0
2,1.59367213180319,2,2,1,0,2,0,0,0,0,0,0,1,0,1,0
2,2.45203850073333,2,2,1,1,2,0,0,0,0,1,1,0,0,0,0
2,3.5644239858093,2,2,1,1,0,0,0,0,0,1,0,0,0,1,1
2,0.369558835505078,2,2,1,1,0,0,0,1,0,0,0,0,0,0,0
2,0.623756355224239,2,2,0,0,2,0,0,0,0,0,0,0,1,1,0
2,0.88348808326369,2,2,2,1,0,0,1,0,0,0,1,0,0,1,0
2,2.41460166684143,2,2,1,1,1,0,0,1,0,1,0,0,1,0,0
2,1.27969974702291,2,2,1,1,1,0,0,0,1,0,0,1,0,0,0
2,0.539466377467347,2,2,1,1,2,2,0,0,0,0,0,0,0,0,1
2,2.9983205289558,2,2,1,0,1,0,0,0,0,0,0,0,0,0,0
2,2.4281076095767,2,2,1,2,0,1,0,0,1,0,0,0,0,0,0
2,1.50988697356763,2,2,1,2,2,0,0,1,0,0,1,0,0,0,0
2,0.94464934921145,2,2,0,1,2,0,0,0,0,0,1,0,0,0,0
2,4.97599830950451,2,2,2,1,1,0,1,0,0,0,0,0,0,0,0
2,2.14916797412212,2,2,2,1,2,0,0,0,0,0,1,1,0,0,0
2,1.44883299077005,2,2,0,2,2,0,1,0,0,0,0,0,1,1,0
2,3.95101229869357,2,2,2,1,1,0,0,0,0,0,0,0,0,0,0
2,2.8647382283356,2,2,1,1,1,0,0,0,0,0,0,0,1,0,0
2,2.50481555828854,2,2,1,1,2,0,0,0,0,0,1,2,0,0,0
2,1.90933874007228,2,2,1,1,1,0,0,0,0,1,0,0,1,0,1
2,1.12267585427929,2,2,0,0,0,1,1,0,1,0,0,0,0,0,0
2,1.05903470290141,2,2,1,1,1,0,1,0,0,0,0,0,0,0,0
2,4.8547272000804,2,2,2,1,0,0,0,2,0,0,0,0,0,0,0
2,1.13608108450742,2,2,1,1,1,0,1,0,1,0,1,1,0,0,1
2,2.39058817325983,2,2,1,1,0,2,0,0,0,0,1,0,0,0,0
2,2.69967131214556,2,2,2,1,1,0,0,0,0,0,0,0,0,0,0
2,4.20389166956171,2,2,1,1,1,0,0,0,0,0,0,0,1,0,1
2,0.0112917361427127,2,2,1,2,1,0,0,1,0,0,0,0,0,1,0
2,1.9223642755244,2,2,1,2,1,0,1,0,1,0,0,0,1,1,0
2,0.153213017050655,2,2,0,0,1,0,0,0,0,0,0,0,0,1,0
2,-0.137846699302506,2,2,1,2,2,0,0,0,0,0,0,0,0,0,0
2,2.85564277922653,2,2,1,2,2,0,1,0,0,0,0,1,0,1,0
2,0.424800785854033,2,2,0,1,2,0,0,0,0,0,0,0,1,0,0
2,2.60977121940909,2,2,2,0,1,1,0,0,1,0,0,0,0,0,0
2,1.50458308967605,2,2,0,1,0,0,0,0,0,0,0,0,0,0,0
2,2.89034334916202,2,2,1,1,2,0,0,0,0,0,0,0,0,0,0
2,1.31855905729328,2,2,1,1,2,0,1,0,0,0,0,0,1,0,1
2,2.92108245469443,2,2,1,2,1,1,0,0,0,1,0,0,1,2,0
2,2.23612483873088,2,2,2,1,1,0,0,0,1,0,0,0,0,1,0
2,0.834799723511916,2,2,0,2,1,0,0,0,0,0,0,0,1,0,2
2,2.85160099239,2,2,1,1,1,0,0,0,0,0,1,0,0,0,1
2,3.88712577652314,2,2,0,1,0,0,0,0,0,1,0,1,0,0,0
2,1.09942035110846,2,2,1,2,0,0,0,1,0,0,0,1,0,0,0
2,1.95030083831059,2,2,0,0,2,0,0,1,0,0,0,0,0,1,0
2,3.33235346169722,2,2,0,1,1,0,1,0,0,1,0,0,0,0,0
2,0.783843057973584,2,2,1,2,0,0,0,0,0,0,0,0,0,0,0
2,1.22223295580591,2,2,1,2,1,0,0,0,0,1,0,0,0,0,0
2,1.19780656292242,2,2,2,1,1,1,0,0,1,1,0,0,1,0,0
2,0.554398846530802,2,2,1,1,2,1,0,1,0,0,0,0,1,0,0
2,0.948478127186043,2,2,1,2,0,0,0,1,0,0,0,1,0,0,0
2,0.661948393420398,2,2,2,2,0,0,1,0,0,1,1,0,0,0,0
2,1.49233346512169,2,2,1,2,1,0,1,1,0,0,0,1,0,1,0
2,0.384501026540622,2,2,1,1,1,0,0,0,0,1,1,0,0,1,0
2,2.61997473290891,2,2,1,0,0,0,0,0,0,0,0,0,0,0,0
2,2.42959480439142,2,2,1,1,1,1,0,0,0,1,0,0,0,0,1
2,2.82180673624624,2,2,1,1,1,0,0,1,0,1,0,1,0,1,0
2,1.87231557359048,2,2,1,1,2,0,0,0,0,0,0,0,0,1,1
2,2.02857059316087,2,2,1,1,2,0,0,1,0,0,0,0,0,0,0
2,3.48707352729765,2,2,2,0,1,0,0,0,0,0,0,1,0,1,0
2,2.4410648807647,2,2,1,2,1,0,0,0,0,0,0,0,0,0,0
2,1.07433991482939,2,2,1,0,1,0,0,0,0,0,0,1,0,0,0
2,3.02065159844659,2,2,1,1,0,1,0,0,0,1,0,1,0,0,1
2,0.509907429078295,2,2,0,0,1,0,0,0,0,0,0,0,0,0,1
2,2.00902272040335,2,2,1,2,0,1,0,0,0,1,1,0,0,0,1
2,3.15220281177185,2,2,2,2,1,0,0,1,0,0,0,1,0,0,0
2,1.84036691204629,2,2,0,1,0,0,0,1,0,0,0,0,1,1,0
2,1.59921245856907,2,2,1,1,1,1,0,0,1,0,1,1,0,0,2
2,2.33942602837231,2,2,1,2,0,0,0,0,0,0,0,0,0,0,0
2,1.90246453459231,2,2,1,0,1,0,0,0,0,0,0,0,0,0,1
2,0.699289450842211,2,2,0,2,0,0,0,0,0,1,0,0,0,0,0
2,1.47690798696671,2,2,2,2,1,0,0,0,0,0,1,0,0,0,0
2,0.464931140922001,2,2,0,0,2,1,0,0,0,0,1,1,1,0,0
2,1.22423292007725,2,2,0,2,0,0,0,0,0,0,0,0,0,0,0
2,3.15940843230686,2,2,2,1,2,0,0,1,0,0,0,0,0,0,1
2,0.276378080244794,2,2,0,0,0,0,0,0,0,0,1,1,1,0,0
2,-1.05990994180222,2,2,0,2,1,0,0,0,1,1,0,0,0,0,0
2,1.77596430838285,2,2,1,1,1,0,0,0,0,0,0,0,0,0,1
2,3.3708168144193,2,2,1,2,2,0,0,0,0,1,0,0,0,0,1
2,1.76451972807304,2,2,1,2,2,0,0,0,1,0,0,1,0,0,0
2,2.37082196947356,2,2,2,1,2,1,0,0,0,0,0,0,0,0,1
2,1.25726146639581,2,2,2,1,2,0,0,0,0,0,1,0,1,0,0
2,0.791209997006822,2,2,0,2,1,0,0,0,0,0,0,0,1,0,1
2,2.14659185355026,2,2,1,1,0,0,0,1,0,0,0,1,0,0,1
2,1.21429050990218,2,2,0,1,0,1,0,0,0,1,2,0,1,0,0
2,0.32985124212188,2,2,0,2,1,0,0,0,1,0,0,0,0,0,0
2,1.01629970457361,2,2,0,1,1,0,0,0,1,1,1,0,0,0,0
2,3.68315433990472,2,2,1,1,2,0,0,0,0,0,0,1,0,0,0
2,4.35320937049647,2,2,2,1,2,1,1,2,0,0,0,1,1,0,0
2,2.29018759909841,2,2,2,1,2,0,0,0,0,0,0,0,0,1,0
2,1.00069782523019,2,2,1,1,2,1,0,0,0,0,0,0,1,0,0
2,2.36534012893602,2,2,2,1,1,0,0,0,1,0,0,0,0,0,1
2,2.32859606810944,2,2,1,2,1,0,0,0,0,0,0,1,0,0,0
2,0.778625370254723,2,2,1,1,1,0,1,0,0,0,1,0,0,0,0
2,3.07683831135664,2,2,2,0,2,0,1,0,1,0,0,1,1,0,0
2,3.21343956008421,2,2,1,0,2,0,1,0,0,0,0,0,0,1,0
2,1.85856749630477,2,2,1,1,1,0,0,0,0,1,1,0,1,1,1
2,-0.449296968168531,2,2,1,2,2,0,0,0,1,2,1,0,1,1,0
2,1.57576513307446,2,2,0,0,1,0,0,2,0,0,0,1,0,0,0
